Width,step,V(drain),V(gate),V(source),V(body),I(Vd),I(Vg),I(Vs),I(Vb)
1w,0.01,-0.01,0.0,0.0,0.0,1.705992e-10,-1.12183e-12,-1.69477e-10,3.023908e-20
1w,0.02,-0.02,0.0,0.0,0.0,3.081513e-10,-2.4006e-12,-3.05751e-10,8.040501e-21
1w,0.03,-0.03,0.0,0.0,0.0,4.150391e-10,-3.84108e-12,-4.11198e-10,-1.82489e-20
1w,0.04,-0.04,0.0,0.0,0.0,4.958883e-10,-5.44817e-12,-4.9044e-10,-5.07698e-20
1w,0.05,-0.05,0.0,0.0,0.0,5.57017e-10,-7.22684e-12,-5.4979e-10,-9.06292e-20
1w,0.06,-0.06,0.0,0.0,0.0,6.048695e-10,-9.18217e-12,-5.95687e-10,-1.37938e-19
1w,0.07,-0.07,0.0,0.0,0.0,6.445977e-10,-1.13194e-11,-6.33278e-10,-1.92225e-19
1w,0.08,-0.08,0.0,0.0,0.0,6.796701e-10,-1.36437e-11,-6.66026e-10,-2.52897e-19
1w,0.09,-0.09,0.0,0.0,0.0,7.122137e-10,-1.61606e-11,-6.96053e-10,-3.19483e-19
1w,0.1,-0.1,0.0,0.0,0.0,7.434931e-10,-1.88756e-11,-7.24618e-10,-3.91686e-19
1w,0.11,-0.11,0.0,0.0,0.0,7.742679e-10,-2.17942e-11,-7.52474e-10,-4.69358e-19
1w,0.12,-0.12,0.0,0.0,0.0,8.050089e-10,-2.49223e-11,-7.80087e-10,-5.52459e-19
1w,0.13,-0.13,0.0,0.0,0.0,8.36021e-10,-2.82657e-11,-8.07755e-10,-6.41026e-19
1w,0.14,-0.14,0.0,0.0,0.0,8.675113e-10,-3.18304e-11,-8.35681e-10,-7.35151e-19
1w,0.15,-0.15,0.0,0.0,0.0,8.996279e-10,-3.56225e-11,-8.64005e-10,-8.34962e-19
1w,0.16,-0.16,0.0,0.0,0.0,9.324818e-10,-3.96483e-11,-8.92834e-10,-9.40621e-19
1w,0.17,-0.17,0.0,0.0,0.0,9.661605e-10,-4.3914e-11,-9.22247e-10,-1.05231e-18
1w,0.18,-0.18,0.0,0.0,0.0,1.000736e-09,-4.84262e-11,-9.5231e-10,-1.17023e-18
1w,0.19,-0.19,0.0,0.0,0.0,1.036271e-09,-5.31914e-11,-9.83079e-10,-1.29461e-18
1w,0.2,-0.2,0.0,0.0,0.0,1.072818e-09,-5.82166e-11,-1.0146e-09,-1.42567e-18
1w,0.21,-0.21,0.0,0.0,0.0,1.110429e-09,-6.35085e-11,-1.04692e-09,-1.56367e-18
1w,0.22,-0.22,0.0,0.0,0.0,1.149151e-09,-6.90741e-11,-1.08008e-09,-1.70888e-18
1w,0.23,-0.23,0.0,0.0,0.0,1.189026e-09,-7.49207e-11,-1.11411e-09,-1.86155e-18
1w,0.24,-0.24,0.0,0.0,0.0,1.230099e-09,-8.10556e-11,-1.14904e-09,-2.02199e-18
1w,0.25,-0.25,0.0,0.0,0.0,1.272412e-09,-8.74862e-11,-1.18493e-09,-2.1905e-18
1w,0.26,-0.26,0.0,0.0,0.0,1.316005e-09,-9.42202e-11,-1.22179e-09,-2.36738e-18
1w,0.27,-0.27,0.0,0.0,0.0,1.360921e-09,-1.01265e-10,-1.25966e-09,-2.55297e-18
1w,0.28,-0.28,0.0,0.0,0.0,1.407201e-09,-1.08629e-10,-1.29857e-09,-2.74759e-18
1w,0.29,-0.29,0.0,0.0,0.0,1.454886e-09,-1.1632e-10,-1.33857e-09,-2.9516e-18
1w,0.3,-0.3,0.0,0.0,0.0,1.504018e-09,-1.24347e-10,-1.37967e-09,-3.16537e-18
1w,0.31,-0.31,0.0,0.0,0.0,1.55464e-09,-1.32717e-10,-1.42192e-09,-3.38927e-18
1w,0.32,-0.32,0.0,0.0,0.0,1.606795e-09,-1.4144e-10,-1.46535e-09,-3.6237e-18
1w,0.33,-0.33,0.0,0.0,0.0,1.660526e-09,-1.50523e-10,-1.51e-09,-3.86905e-18
1w,0.34,-0.34,0.0,0.0,0.0,1.715878e-09,-1.59977e-10,-1.5559e-09,-4.12575e-18
1w,0.35,-0.35,0.0,0.0,0.0,1.772896e-09,-1.69809e-10,-1.60309e-09,-4.39424e-18
1w,0.36,-0.36,0.0,0.0,0.0,1.831626e-09,-1.8003e-10,-1.6516e-09,-4.67495e-18
1w,0.37,-0.37,0.0,0.0,0.0,1.892115e-09,-1.90649e-10,-1.70147e-09,-4.96836e-18
1w,0.38,-0.38,0.0,0.0,0.0,1.954411e-09,-2.01675e-10,-1.75274e-09,-5.27494e-18
1w,0.39,-0.39,0.0,0.0,0.0,2.018563e-09,-2.13118e-10,-1.80545e-09,-5.5952e-18
1w,0.4,-0.4,0.0,0.0,0.0,2.084621e-09,-2.24988e-10,-1.85963e-09,-5.92964e-18
1w,0.41,-0.41,0.0,0.0,0.0,2.152636e-09,-2.37295e-10,-1.91534e-09,-6.27881e-18
1w,0.42,-0.42,0.0,0.0,0.0,2.222661e-09,-2.5005e-10,-1.97261e-09,-6.64324e-18
1w,0.43,-0.43,0.0,0.0,0.0,2.294748e-09,-2.63264e-10,-2.03148e-09,-7.0235e-18
1w,0.44,-0.44,0.0,0.0,0.0,2.368951e-09,-2.76946e-10,-2.092e-09,-7.42019e-18
1w,0.45,-0.45,0.0,0.0,0.0,2.445328e-09,-2.91109e-10,-2.15422e-09,-7.8339e-18
1w,0.46,-0.46,0.0,0.0,0.0,2.523934e-09,-3.05763e-10,-2.21817e-09,-8.26527e-18
1w,0.47,-0.47,0.0,0.0,0.0,2.604828e-09,-3.2092e-10,-2.28391e-09,-8.71493e-18
1w,0.48,-0.48,0.0,0.0,0.0,2.688069e-09,-3.3659e-10,-2.35148e-09,-9.18356e-18
1w,0.49,-0.49,0.0,0.0,0.0,2.773719e-09,-3.52788e-10,-2.42093e-09,-9.67185e-18
1w,0.5,-0.5,0.0,0.0,0.0,2.861839e-09,-3.69523e-10,-2.49232e-09,-1.01805e-17
1w,0.51,-0.51,0.0,0.0,0.0,2.952493e-09,-3.86809e-10,-2.56568e-09,-1.07102e-17
1w,0.52,-0.52,0.0,0.0,0.0,3.045746e-09,-4.04658e-10,-2.64109e-09,-1.12619e-17
1w,0.53,-0.53,0.0,0.0,0.0,3.141665e-09,-4.23083e-10,-2.71858e-09,-1.18361e-17
1w,0.54,-0.54,0.0,0.0,0.0,3.240318e-09,-4.42097e-10,-2.79822e-09,-1.24338e-17
1w,0.55,-0.55,0.0,0.0,0.0,3.341774e-09,-4.61713e-10,-2.88006e-09,-1.30558e-17
1w,0.56,-0.56,0.0,0.0,0.0,3.446105e-09,-4.81945e-10,-2.96416e-09,-1.37029e-17
1w,0.57,-0.57,0.0,0.0,0.0,3.553383e-09,-5.02807e-10,-3.05058e-09,-1.4376e-17
1w,0.58,-0.58,0.0,0.0,0.0,3.663683e-09,-5.24311e-10,-3.13937e-09,-1.50761e-17
1w,0.59,-0.59,0.0,0.0,0.0,3.777081e-09,-5.46474e-10,-3.23061e-09,-1.58041e-17
1w,0.6,-0.6,0.0,0.0,0.0,3.893655e-09,-5.69309e-10,-3.32435e-09,-1.65609e-17
1w,0.61,-0.61,0.0,0.0,0.0,4.013483e-09,-5.92831e-10,-3.42065e-09,-1.73475e-17
1w,0.62,-0.62,0.0,0.0,0.0,4.136649e-09,-6.17055e-10,-3.51959e-09,-1.81651e-17
1w,0.63,-0.63,0.0,0.0,0.0,4.263234e-09,-6.41997e-10,-3.62124e-09,-1.90146e-17
1w,0.64,-0.64,0.0,0.0,0.0,4.393324e-09,-6.67673e-10,-3.72565e-09,-1.98971e-17
1w,0.65,-0.65,0.0,0.0,0.0,4.527006e-09,-6.94097e-10,-3.83291e-09,-2.08138e-17
1w,0.66,-0.66,0.0,0.0,0.0,4.664369e-09,-7.21287e-10,-3.94308e-09,-2.17659e-17
1w,0.67,-0.67,0.0,0.0,0.0,4.805504e-09,-7.49259e-10,-4.05624e-09,-2.27545e-17
1w,0.68,-0.68,0.0,0.0,0.0,4.950504e-09,-7.7803e-10,-4.17247e-09,-2.37809e-17
1w,0.69,-0.69,0.0,0.0,0.0,5.099464e-09,-8.07616e-10,-4.29185e-09,-2.48463e-17
1w,0.7,-0.7,0.0,0.0,0.0,5.252483e-09,-8.38036e-10,-4.41445e-09,-2.59521e-17
1w,0.71,-0.71,0.0,0.0,0.0,5.409659e-09,-8.69308e-10,-4.54035e-09,-2.70996e-17
1w,0.72,-0.72,0.0,0.0,0.0,5.571095e-09,-9.01448e-10,-4.66965e-09,-2.82902e-17
1w,0.73,-0.73,0.0,0.0,0.0,5.736896e-09,-9.34477e-10,-4.80242e-09,-2.95253e-17
1w,0.74,-0.74,0.0,0.0,0.0,5.907168e-09,-9.68412e-10,-4.93876e-09,-3.08064e-17
1w,0.75,-0.75,0.0,0.0,0.0,6.082021e-09,-1.00327e-09,-5.07875e-09,-3.21351e-17
1w,0.76,-0.76,0.0,0.0,0.0,6.261567e-09,-1.03908e-09,-5.22249e-09,-3.35128e-17
1w,0.77,-0.77,0.0,0.0,0.0,6.445921e-09,-1.07585e-09,-5.37007e-09,-3.49413e-17
1w,0.78,-0.78,0.0,0.0,0.0,6.635201e-09,-1.1136e-09,-5.5216e-09,-3.6422e-17
1w,0.79,-0.79,0.0,0.0,0.0,6.829528e-09,-1.15236e-09,-5.67716e-09,-3.79568e-17
1w,0.8,-0.8,0.0,0.0,0.0,7.029026e-09,-1.19215e-09,-5.83687e-09,-3.95474e-17
1w,0.81,-0.81,0.0,0.0,0.0,7.233822e-09,-1.23299e-09,-6.00083e-09,-4.11956e-17
1w,0.82,-0.82,0.0,0.0,0.0,7.444047e-09,-1.27489e-09,-6.16915e-09,-4.29033e-17
1w,0.83,-0.83,0.0,0.0,0.0,7.659833e-09,-1.31789e-09,-6.34194e-09,-4.46723e-17
1w,0.84,-0.84,0.0,0.0,0.0,7.881319e-09,-1.362e-09,-6.51932e-09,-4.65046e-17
1w,0.85,-0.85,0.0,0.0,0.0,8.108646e-09,-1.40724e-09,-6.7014e-09,-4.84022e-17
1w,0.86,-0.86,0.0,0.0,0.0,8.341959e-09,-1.45365e-09,-6.88831e-09,-5.03671e-17
1w,0.87,-0.87,0.0,0.0,0.0,8.581408e-09,-1.50124e-09,-7.08017e-09,-5.24016e-17
1w,0.88,-0.88,0.0,0.0,0.0,8.827146e-09,-1.55004e-09,-7.27711e-09,-5.45078e-17
1w,0.89,-0.89,0.0,0.0,0.0,9.07933e-09,-1.60007e-09,-7.47926e-09,-5.6688e-17
1w,0.9,-0.9,0.0,0.0,0.0,9.338125e-09,-1.65135e-09,-7.68677e-09,-5.89444e-17
2w,0.01,-0.01,0.0,0.0,0.0,4.187434e-10,-2.75358e-12,-4.1599e-10,9.437099e-20
2w,0.02,-0.02,0.0,0.0,0.0,7.563715e-10,-5.89237e-12,-7.50479e-10,5.35822e-20
2w,0.03,-0.03,0.0,0.0,0.0,1.018732e-09,-9.4281e-12,-1.0093e-09,-1.61762e-21
2w,0.04,-0.04,0.0,0.0,0.0,1.21718e-09,-1.33728e-11,-1.20381e-09,-7.50737e-20
2w,0.05,-0.05,0.0,0.0,0.0,1.367224e-09,-1.77386e-11,-1.34948e-09,-1.68549e-19
2w,0.06,-0.06,0.0,0.0,0.0,1.48468e-09,-2.25381e-11,-1.46214e-09,-2.81668e-19
2w,0.07,-0.07,0.0,0.0,0.0,1.582194e-09,-2.77839e-11,-1.55441e-09,-4.12837e-19
2w,0.08,-0.08,0.0,0.0,0.0,1.668281e-09,-3.34891e-11,-1.63479e-09,-5.60302e-19
2w,0.09,-0.09,0.0,0.0,0.0,1.748161e-09,-3.96669e-11,-1.70849e-09,-7.22706e-19
2w,0.1,-0.1,0.0,0.0,0.0,1.824938e-09,-4.63309e-11,-1.77861e-09,-8.99184e-19
2w,0.11,-0.11,0.0,0.0,0.0,1.900476e-09,-5.34949e-11,-1.84698e-09,-1.08928e-18
2w,0.12,-0.12,0.0,0.0,0.0,1.975931e-09,-6.1173e-11,-1.91476e-09,-1.29283e-18
2w,0.13,-0.13,0.0,0.0,0.0,2.052052e-09,-6.93795e-11,-1.98267e-09,-1.50989e-18
2w,0.14,-0.14,0.0,0.0,0.0,2.129346e-09,-7.81292e-11,-2.05122e-09,-1.74065e-18
2w,0.15,-0.15,0.0,0.0,0.0,2.208177e-09,-8.74371e-11,-2.12074e-09,-1.98541e-18
2w,0.16,-0.16,0.0,0.0,0.0,2.288819e-09,-9.73184e-11,-2.1915e-09,-2.24455e-18
2w,0.17,-0.17,0.0,0.0,0.0,2.371485e-09,-1.07789e-10,-2.2637e-09,-2.51852e-18
2w,0.18,-0.18,0.0,0.0,0.0,2.456353e-09,-1.18864e-10,-2.33749e-09,-2.80779e-18
2w,0.19,-0.19,0.0,0.0,0.0,2.543573e-09,-1.30561e-10,-2.41301e-09,-3.11291e-18
2w,0.2,-0.2,0.0,0.0,0.0,2.633281e-09,-1.42895e-10,-2.49039e-09,-3.43446e-18
2w,0.21,-0.21,0.0,0.0,0.0,2.7256e-09,-1.55884e-10,-2.56972e-09,-3.77303e-18
2w,0.22,-0.22,0.0,0.0,0.0,2.820642e-09,-1.69546e-10,-2.6511e-09,-4.12929e-18
2w,0.23,-0.23,0.0,0.0,0.0,2.918519e-09,-1.83896e-10,-2.73462e-09,-4.50389e-18
2w,0.24,-0.24,0.0,0.0,0.0,3.019334e-09,-1.98955e-10,-2.82038e-09,-4.89755e-18
2w,0.25,-0.25,0.0,0.0,0.0,3.123192e-09,-2.14739e-10,-2.90845e-09,-5.31101e-18
2w,0.26,-0.26,0.0,0.0,0.0,3.230195e-09,-2.31268e-10,-2.99893e-09,-5.74503e-18
2w,0.27,-0.27,0.0,0.0,0.0,3.340443e-09,-2.4856e-10,-3.09188e-09,-6.20041e-18
2w,0.28,-0.28,0.0,0.0,0.0,3.454038e-09,-2.66636e-10,-3.1874e-09,-6.67797e-18
2w,0.29,-0.29,0.0,0.0,0.0,3.571083e-09,-2.85514e-10,-3.28557e-09,-7.17859e-18
2w,0.3,-0.3,0.0,0.0,0.0,3.691681e-09,-3.05215e-10,-3.38647e-09,-7.70315e-18
2w,0.31,-0.31,0.0,0.0,0.0,3.815935e-09,-3.25761e-10,-3.49017e-09,-8.25258e-18
2w,0.32,-0.32,0.0,0.0,0.0,3.943951e-09,-3.4717e-10,-3.59678e-09,-8.82784e-18
2w,0.33,-0.33,0.0,0.0,0.0,4.075836e-09,-3.69467e-10,-3.70637e-09,-9.42993e-18
2w,0.34,-0.34,0.0,0.0,0.0,4.2117e-09,-3.92671e-10,-3.81903e-09,-1.00599e-17
2w,0.35,-0.35,0.0,0.0,0.0,4.351653e-09,-4.16805e-10,-3.93485e-09,-1.07187e-17
2w,0.36,-0.36,0.0,0.0,0.0,4.495808e-09,-4.41893e-10,-4.05392e-09,-1.14076e-17
2w,0.37,-0.37,0.0,0.0,0.0,4.644281e-09,-4.67956e-10,-4.17633e-09,-1.21276e-17
2w,0.38,-0.38,0.0,0.0,0.0,4.79719e-09,-4.9502e-10,-4.30217e-09,-1.288e-17
2w,0.39,-0.39,0.0,0.0,0.0,4.954655e-09,-5.23107e-10,-4.43155e-09,-1.3666e-17
2w,0.4,-0.4,0.0,0.0,0.0,5.116797e-09,-5.52243e-10,-4.56455e-09,-1.44867e-17
2w,0.41,-0.41,0.0,0.0,0.0,5.283744e-09,-5.82452e-10,-4.70129e-09,-1.53436e-17
2w,0.42,-0.42,0.0,0.0,0.0,5.455622e-09,-6.1376e-10,-4.84186e-09,-1.6238e-17
2w,0.43,-0.43,0.0,0.0,0.0,5.632562e-09,-6.46193e-10,-4.98637e-09,-1.71712e-17
2w,0.44,-0.44,0.0,0.0,0.0,5.814699e-09,-6.79778e-10,-5.13492e-09,-1.81447e-17
2w,0.45,-0.45,0.0,0.0,0.0,6.002168e-09,-7.1454e-10,-5.28763e-09,-1.91601e-17
2w,0.46,-0.46,0.0,0.0,0.0,6.195111e-09,-7.50509e-10,-5.4446e-09,-2.02187e-17
2w,0.47,-0.47,0.0,0.0,0.0,6.393668e-09,-7.87712e-10,-5.60596e-09,-2.13223e-17
2w,0.48,-0.48,0.0,0.0,0.0,6.597988e-09,-8.26177e-10,-5.77181e-09,-2.24724e-17
2w,0.49,-0.49,0.0,0.0,0.0,6.808219e-09,-8.65933e-10,-5.94229e-09,-2.36708e-17
2w,0.5,-0.5,0.0,0.0,0.0,7.024513e-09,-9.07011e-10,-6.1175e-09,-2.49192e-17
2w,0.51,-0.51,0.0,0.0,0.0,7.247028e-09,-9.4944e-10,-6.29759e-09,-2.62193e-17
2w,0.52,-0.52,0.0,0.0,0.0,7.475922e-09,-9.93252e-10,-6.48267e-09,-2.75731e-17
2w,0.53,-0.53,0.0,0.0,0.0,7.71136e-09,-1.03848e-09,-6.67288e-09,-2.89825e-17
2w,0.54,-0.54,0.0,0.0,0.0,7.953508e-09,-1.08515e-09,-6.86836e-09,-3.04495e-17
2w,0.55,-0.55,0.0,0.0,0.0,8.202537e-09,-1.1333e-09,-7.06924e-09,-3.1976e-17
2w,0.56,-0.56,0.0,0.0,0.0,8.458622e-09,-1.18296e-09,-7.27567e-09,-3.35642e-17
2w,0.57,-0.57,0.0,0.0,0.0,8.721941e-09,-1.23416e-09,-7.48778e-09,-3.52163e-17
2w,0.58,-0.58,0.0,0.0,0.0,8.992677e-09,-1.28695e-09,-7.70573e-09,-3.69345e-17
2w,0.59,-0.59,0.0,0.0,0.0,9.271017e-09,-1.34135e-09,-7.92967e-09,-3.87212e-17
2w,0.6,-0.6,0.0,0.0,0.0,9.557152e-09,-1.39739e-09,-8.15976e-09,-4.05787e-17
2w,0.61,-0.61,0.0,0.0,0.0,9.851277e-09,-1.45513e-09,-8.39615e-09,-4.25094e-17
2w,0.62,-0.62,0.0,0.0,0.0,1.015359e-08,-1.51459e-09,-8.639e-09,-4.4516e-17
2w,0.63,-0.63,0.0,0.0,0.0,1.04643e-08,-1.57581e-09,-8.88849e-09,-4.6601e-17
2w,0.64,-0.64,0.0,0.0,0.0,1.078361e-08,-1.63883e-09,-9.14478e-09,-4.8767e-17
2w,0.65,-0.65,0.0,0.0,0.0,1.111174e-08,-1.70369e-09,-9.40805e-09,-5.1017e-17
2w,0.66,-0.66,0.0,0.0,0.0,1.14489e-08,-1.77043e-09,-9.67847e-09,-5.33538e-17
2w,0.67,-0.67,0.0,0.0,0.0,1.179533e-08,-1.83909e-09,-9.95624e-09,-5.57802e-17
2w,0.68,-0.68,0.0,0.0,0.0,1.215124e-08,-1.90971e-09,-1.02415e-08,-5.82993e-17
2w,0.69,-0.69,0.0,0.0,0.0,1.251687e-08,-1.98233e-09,-1.05345e-08,-6.09143e-17
2w,0.7,-0.7,0.0,0.0,0.0,1.289246e-08,-2.057e-09,-1.08355e-08,-6.36284e-17
2w,0.71,-0.71,0.0,0.0,0.0,1.327825e-08,-2.13376e-09,-1.11445e-08,-6.64448e-17
2w,0.72,-0.72,0.0,0.0,0.0,1.367451e-08,-2.21265e-09,-1.14619e-08,-6.9367e-17
2w,0.73,-0.73,0.0,0.0,0.0,1.408147e-08,-2.29372e-09,-1.17878e-08,-7.23985e-17
2w,0.74,-0.74,0.0,0.0,0.0,1.449941e-08,-2.37701e-09,-1.21224e-08,-7.5543e-17
2w,0.75,-0.75,0.0,0.0,0.0,1.49286e-08,-2.46258e-09,-1.2466e-08,-7.88041e-17
2w,0.76,-0.76,0.0,0.0,0.0,1.53693e-08,-2.55046e-09,-1.28188e-08,-8.21857e-17
2w,0.77,-0.77,0.0,0.0,0.0,1.582181e-08,-2.64072e-09,-1.31811e-08,-8.56917e-17
2w,0.78,-0.78,0.0,0.0,0.0,1.62864e-08,-2.73339e-09,-1.3553e-08,-8.93261e-17
2w,0.79,-0.79,0.0,0.0,0.0,1.676339e-08,-2.82853e-09,-1.39349e-08,-9.30933e-17
2w,0.8,-0.8,0.0,0.0,0.0,1.725306e-08,-2.92619e-09,-1.43269e-08,-9.69973e-17
2w,0.81,-0.81,0.0,0.0,0.0,1.775575e-08,-3.02642e-09,-1.47293e-08,-1.01043e-16
2w,0.82,-0.82,0.0,0.0,0.0,1.827175e-08,-3.12928e-09,-1.51425e-08,-1.05234e-16
2w,0.83,-0.83,0.0,0.0,0.0,1.880141e-08,-3.23482e-09,-1.55666e-08,-1.09576e-16
2w,0.84,-0.84,0.0,0.0,0.0,1.934506e-08,-3.34309e-09,-1.6002e-08,-1.14073e-16
2w,0.85,-0.85,0.0,0.0,0.0,1.990304e-08,-3.45415e-09,-1.64489e-08,-1.18731e-16
2w,0.86,-0.86,0.0,0.0,0.0,2.047572e-08,-3.56805e-09,-1.69077e-08,-1.23554e-16
2w,0.87,-0.87,0.0,0.0,0.0,2.106346e-08,-3.68486e-09,-1.73786e-08,-1.28548e-16
2w,0.88,-0.88,0.0,0.0,0.0,2.166663e-08,-3.80464e-09,-1.7862e-08,-1.33717e-16
2w,0.89,-0.89,0.0,0.0,0.0,2.228563e-08,-3.92744e-09,-1.83582e-08,-1.39068e-16
2w,0.9,-0.9,0.0,0.0,0.0,2.292085e-08,-4.05332e-09,-1.88675e-08,-1.44607e-16
3w,0.01,-0.01,0.0,0.0,0.0,6.668876e-10,-4.38534e-12,-6.62502e-10,1.585029e-19
3w,0.02,-0.02,0.0,0.0,0.0,1.204592e-09,-9.38415e-12,-1.19521e-09,9.912388e-20
3w,0.03,-0.03,0.0,0.0,0.0,1.622426e-09,-1.50151e-11,-1.60741e-09,1.501367e-20
3w,0.04,-0.04,0.0,0.0,0.0,1.938473e-09,-2.12974e-11,-1.91718e-09,-9.93776e-20
3w,0.05,-0.05,0.0,0.0,0.0,2.17743e-09,-2.82504e-11,-2.14918e-09,-2.46468e-19
3w,0.06,-0.06,0.0,0.0,0.0,2.36449e-09,-3.5894e-11,-2.3286e-09,-4.25398e-19
3w,0.07,-0.07,0.0,0.0,0.0,2.519791e-09,-4.42484e-11,-2.47554e-09,-6.33449e-19
3w,0.08,-0.08,0.0,0.0,0.0,2.656892e-09,-5.33345e-11,-2.60356e-09,-8.67707e-19
3w,0.09,-0.09,0.0,0.0,0.0,2.784108e-09,-6.31733e-11,-2.72093e-09,-1.12593e-18
3w,0.1,-0.1,0.0,0.0,0.0,2.906382e-09,-7.37863e-11,-2.8326e-09,-1.40668e-18
3w,0.11,-0.11,0.0,0.0,0.0,3.026684e-09,-8.51956e-11,-2.94149e-09,-1.7092e-18
3w,0.12,-0.12,0.0,0.0,0.0,3.146853e-09,-9.74236e-11,-3.04943e-09,-2.03321e-18
3w,0.13,-0.13,0.0,0.0,0.0,3.268082e-09,-1.10493e-10,-3.15759e-09,-2.37876e-18
3w,0.14,-0.14,0.0,0.0,0.0,3.391181e-09,-1.24428e-10,-3.26675e-09,-2.74616e-18
3w,0.15,-0.15,0.0,0.0,0.0,3.516727e-09,-1.39252e-10,-3.37748e-09,-3.13587e-18
3w,0.16,-0.16,0.0,0.0,0.0,3.645156e-09,-1.54989e-10,-3.49017e-09,-3.54849e-18
3w,0.17,-0.17,0.0,0.0,0.0,3.776809e-09,-1.71664e-10,-3.60515e-09,-3.98472e-18
3w,0.18,-0.18,0.0,0.0,0.0,3.911969e-09,-1.89302e-10,-3.72267e-09,-4.44535e-18
3w,0.19,-0.19,0.0,0.0,0.0,4.050876e-09,-2.0793e-10,-3.84295e-09,-4.93121e-18
3w,0.2,-0.2,0.0,0.0,0.0,4.193744e-09,-2.27574e-10,-3.96617e-09,-5.44324e-18
3w,0.21,-0.21,0.0,0.0,0.0,4.34077e-09,-2.4826e-10,-4.09251e-09,-5.98239e-18
3w,0.22,-0.22,0.0,0.0,0.0,4.492134e-09,-2.70017e-10,-4.22212e-09,-6.5497e-18
3w,0.23,-0.23,0.0,0.0,0.0,4.648011e-09,-2.92872e-10,-4.35514e-09,-7.14623e-18
3w,0.24,-0.24,0.0,0.0,0.0,4.80857e-09,-3.16854e-10,-4.49172e-09,-7.77312e-18
3w,0.25,-0.25,0.0,0.0,0.0,4.973973e-09,-3.41992e-10,-4.63198e-09,-8.43152e-18
3w,0.26,-0.26,0.0,0.0,0.0,5.144384e-09,-3.68315e-10,-4.77607e-09,-9.12268e-18
3w,0.27,-0.27,0.0,0.0,0.0,5.319965e-09,-3.95855e-10,-4.92411e-09,-9.84785e-18
3w,0.28,-0.28,0.0,0.0,0.0,5.500876e-09,-4.24642e-10,-5.07623e-09,-1.06084e-17
3w,0.29,-0.29,0.0,0.0,0.0,5.687281e-09,-4.54707e-10,-5.23257e-09,-1.14056e-17
3w,0.3,-0.3,0.0,0.0,0.0,5.879343e-09,-4.86084e-10,-5.39326e-09,-1.22409e-17
3w,0.31,-0.31,0.0,0.0,0.0,6.077229e-09,-5.18804e-10,-5.55843e-09,-1.31159e-17
3w,0.32,-0.32,0.0,0.0,0.0,6.281107e-09,-5.52901e-10,-5.72821e-09,-1.4032e-17
3w,0.33,-0.33,0.0,0.0,0.0,6.491146e-09,-5.8841e-10,-5.90274e-09,-1.49908e-17
3w,0.34,-0.34,0.0,0.0,0.0,6.707522e-09,-6.25364e-10,-6.08216e-09,-1.5994e-17
3w,0.35,-0.35,0.0,0.0,0.0,6.93041e-09,-6.63801e-10,-6.26661e-09,-1.70432e-17
3w,0.36,-0.36,0.0,0.0,0.0,7.159991e-09,-7.03755e-10,-6.45624e-09,-1.81403e-17
3w,0.37,-0.37,0.0,0.0,0.0,7.396448e-09,-7.45264e-10,-6.65118e-09,-1.92869e-17
3w,0.38,-0.38,0.0,0.0,0.0,7.63997e-09,-7.88365e-10,-6.85161e-09,-2.04851e-17
3w,0.39,-0.39,0.0,0.0,0.0,7.890746e-09,-8.33096e-10,-7.05765e-09,-2.17367e-17
3w,0.4,-0.4,0.0,0.0,0.0,8.148974e-09,-8.79498e-10,-7.26948e-09,-2.30438e-17
3w,0.41,-0.41,0.0,0.0,0.0,8.414851e-09,-9.27609e-10,-7.48724e-09,-2.44084e-17
3w,0.42,-0.42,0.0,0.0,0.0,8.688583e-09,-9.7747e-10,-7.71111e-09,-2.58327e-17
3w,0.43,-0.43,0.0,0.0,0.0,8.970377e-09,-1.02912e-09,-7.94125e-09,-2.73189e-17
3w,0.44,-0.44,0.0,0.0,0.0,9.260446e-09,-1.08261e-09,-8.17784e-09,-2.88693e-17
3w,0.45,-0.45,0.0,0.0,0.0,9.559009e-09,-1.13797e-09,-8.42104e-09,-3.04863e-17
3w,0.46,-0.46,0.0,0.0,0.0,9.866287e-09,-1.19526e-09,-8.67103e-09,-3.21722e-17
3w,0.47,-0.47,0.0,0.0,0.0,1.018251e-08,-1.2545e-09,-8.92801e-09,-3.39297e-17
3w,0.48,-0.48,0.0,0.0,0.0,1.050791e-08,-1.31576e-09,-9.19214e-09,-3.57613e-17
3w,0.49,-0.49,0.0,0.0,0.0,1.084272e-08,-1.37908e-09,-9.46364e-09,-3.76698e-17
3w,0.5,-0.5,0.0,0.0,0.0,1.118719e-08,-1.4445e-09,-9.74269e-09,-3.96579e-17
3w,0.51,-0.51,0.0,0.0,0.0,1.154156e-08,-1.51207e-09,-1.00295e-08,-4.17284e-17
3w,0.52,-0.52,0.0,0.0,0.0,1.19061e-08,-1.58185e-09,-1.03243e-08,-4.38844e-17
3w,0.53,-0.53,0.0,0.0,0.0,1.228106e-08,-1.65387e-09,-1.06272e-08,-4.61289e-17
3w,0.54,-0.54,0.0,0.0,0.0,1.26667e-08,-1.7282e-09,-1.09385e-08,-4.84651e-17
3w,0.55,-0.55,0.0,0.0,0.0,1.30633e-08,-1.80488e-09,-1.12584e-08,-5.08962e-17
3w,0.56,-0.56,0.0,0.0,0.0,1.347114e-08,-1.88397e-09,-1.15872e-08,-5.34255e-17
3w,0.57,-0.57,0.0,0.0,0.0,1.38905e-08,-1.96552e-09,-1.1925e-08,-5.60566e-17
3w,0.58,-0.58,0.0,0.0,0.0,1.432167e-08,-2.04958e-09,-1.22721e-08,-5.8793e-17
3w,0.59,-0.59,0.0,0.0,0.0,1.476495e-08,-2.13622e-09,-1.26287e-08,-6.16383e-17
3w,0.6,-0.6,0.0,0.0,0.0,1.522065e-08,-2.22548e-09,-1.29952e-08,-6.45965e-17
3w,0.61,-0.61,0.0,0.0,0.0,1.568907e-08,-2.31743e-09,-1.33716e-08,-6.76713e-17
3w,0.62,-0.62,0.0,0.0,0.0,1.617054e-08,-2.41213e-09,-1.37584e-08,-7.08669e-17
3w,0.63,-0.63,0.0,0.0,0.0,1.666537e-08,-2.50963e-09,-1.41557e-08,-7.41873e-17
3w,0.64,-0.64,0.0,0.0,0.0,1.71739e-08,-2.60999e-09,-1.45639e-08,-7.7637e-17
3w,0.65,-0.65,0.0,0.0,0.0,1.769648e-08,-2.71329e-09,-1.49832e-08,-8.12202e-17
3w,0.66,-0.66,0.0,0.0,0.0,1.823344e-08,-2.81958e-09,-1.54139e-08,-8.49416e-17
3w,0.67,-0.67,0.0,0.0,0.0,1.878515e-08,-2.92892e-09,-1.58562e-08,-8.88058e-17
3w,0.68,-0.68,0.0,0.0,0.0,1.935197e-08,-3.04139e-09,-1.63106e-08,-9.28178e-17
3w,0.69,-0.69,0.0,0.0,0.0,1.993427e-08,-3.15705e-09,-1.67772e-08,-9.69823e-17
3w,0.7,-0.7,0.0,0.0,0.0,2.053243e-08,-3.27596e-09,-1.72565e-08,-1.01305e-16
3w,0.71,-0.71,0.0,0.0,0.0,2.114685e-08,-3.3982e-09,-1.77486e-08,-1.0579e-16
3w,0.72,-0.72,0.0,0.0,0.0,2.177792e-08,-3.52384e-09,-1.82541e-08,-1.10444e-16
3w,0.73,-0.73,0.0,0.0,0.0,2.242605e-08,-3.65295e-09,-1.87731e-08,-1.15272e-16
3w,0.74,-0.74,0.0,0.0,0.0,2.309166e-08,-3.78561e-09,-1.9306e-08,-1.2028e-16
3w,0.75,-0.75,0.0,0.0,0.0,2.377517e-08,-3.92188e-09,-1.98533e-08,-1.25473e-16
3w,0.76,-0.76,0.0,0.0,0.0,2.447703e-08,-4.06185e-09,-2.04152e-08,-1.30859e-16
3w,0.77,-0.77,0.0,0.0,0.0,2.519769e-08,-4.20559e-09,-2.09921e-08,-1.36442e-16
3w,0.78,-0.78,0.0,0.0,0.0,2.59376e-08,-4.35318e-09,-2.15844e-08,-1.4223e-16
3w,0.79,-0.79,0.0,0.0,0.0,2.669725e-08,-4.5047e-09,-2.21925e-08,-1.4823e-16
3w,0.8,-0.8,0.0,0.0,0.0,2.74771e-08,-4.66023e-09,-2.28169e-08,-1.54447e-16
3w,0.81,-0.81,0.0,0.0,0.0,2.827767e-08,-4.81986e-09,-2.34578e-08,-1.6089e-16
3w,0.82,-0.82,0.0,0.0,0.0,2.909946e-08,-4.98367e-09,-2.41158e-08,-1.67565e-16
3w,0.83,-0.83,0.0,0.0,0.0,2.994298e-08,-5.15174e-09,-2.47912e-08,-1.7448e-16
3w,0.84,-0.84,0.0,0.0,0.0,3.080879e-08,-5.32417e-09,-2.54846e-08,-1.81642e-16
3w,0.85,-0.85,0.0,0.0,0.0,3.169744e-08,-5.50105e-09,-2.61964e-08,-1.8906e-16
3w,0.86,-0.86,0.0,0.0,0.0,3.260948e-08,-5.68245e-09,-2.6927e-08,-1.96741e-16
3w,0.87,-0.87,0.0,0.0,0.0,3.35455e-08,-5.86849e-09,-2.7677e-08,-2.04693e-16
3w,0.88,-0.88,0.0,0.0,0.0,3.450612e-08,-6.05924e-09,-2.84469e-08,-2.12926e-16
3w,0.89,-0.89,0.0,0.0,0.0,3.549193e-08,-6.25481e-09,-2.92371e-08,-2.21449e-16
3w,0.9,-0.9,0.0,0.0,0.0,3.650358e-08,-6.45529e-09,-3.00483e-08,-2.30269e-16
4w,0.01,-0.01,0.0,0.0,0.0,9.150319e-10,-6.01709e-12,-9.09015e-10,2.226348e-19
4w,0.02,-0.02,0.0,0.0,0.0,1.652812e-09,-1.28759e-11,-1.63994e-09,1.446655e-19
4w,0.03,-0.03,0.0,0.0,0.0,2.226119e-09,-2.06022e-11,-2.20552e-09,3.164494e-20
4w,0.04,-0.04,0.0,0.0,0.0,2.659765e-09,-2.9222e-11,-2.63054e-09,-1.23682e-19
4w,0.05,-0.05,0.0,0.0,0.0,2.987637e-09,-3.87621e-11,-2.94887e-09,-3.24388e-19
4w,0.06,-0.06,0.0,0.0,0.0,3.2443e-09,-4.92498e-11,-3.19505e-09,-5.69129e-19
4w,0.07,-0.07,0.0,0.0,0.0,3.457387e-09,-6.0713e-11,-3.39667e-09,-8.54061e-19
4w,0.08,-0.08,0.0,0.0,0.0,3.645503e-09,-7.31799e-11,-3.57232e-09,-1.17511e-18
4w,0.09,-0.09,0.0,0.0,0.0,3.820055e-09,-8.66796e-11,-3.73338e-09,-1.52915e-18
4w,0.1,-0.1,0.0,0.0,0.0,3.987827e-09,-1.01242e-10,-3.88659e-09,-1.91418e-18
4w,0.11,-0.11,0.0,0.0,0.0,4.152891e-09,-1.16896e-10,-4.036e-09,-2.32912e-18
4w,0.12,-0.12,0.0,0.0,0.0,4.317775e-09,-1.33674e-10,-4.1841e-09,-2.77358e-18
4w,0.13,-0.13,0.0,0.0,0.0,4.484113e-09,-1.51607e-10,-4.33251e-09,-3.24763e-18
4w,0.14,-0.14,0.0,0.0,0.0,4.653015e-09,-1.70727e-10,-4.48229e-09,-3.75166e-18
4w,0.15,-0.15,0.0,0.0,0.0,4.825277e-09,-1.91066e-10,-4.63421e-09,-4.28632e-18
4w,0.16,-0.16,0.0,0.0,0.0,5.001493e-09,-2.12659e-10,-4.78883e-09,-4.85242e-18
4w,0.17,-0.17,0.0,0.0,0.0,5.182134e-09,-2.35539e-10,-4.9466e-09,-5.45093e-18
4w,0.18,-0.18,0.0,0.0,0.0,5.367585e-09,-2.5974e-10,-5.10784e-09,-6.0829e-18
4w,0.19,-0.19,0.0,0.0,0.0,5.558179e-09,-2.853e-10,-5.27288e-09,-6.74952e-18
4w,0.2,-0.2,0.0,0.0,0.0,5.754208e-09,-3.12253e-10,-5.44195e-09,-7.45202e-18
4w,0.21,-0.21,0.0,0.0,0.0,5.95594e-09,-3.40636e-10,-5.6153e-09,-8.19176e-18
4w,0.22,-0.22,0.0,0.0,0.0,6.163626e-09,-3.70489e-10,-5.79314e-09,-8.97011e-18
4w,0.23,-0.23,0.0,0.0,0.0,6.377504e-09,-4.01848e-10,-5.97566e-09,-9.78857e-18
4w,0.24,-0.24,0.0,0.0,0.0,6.597805e-09,-4.34753e-10,-6.16305e-09,-1.06487e-17
4w,0.25,-0.25,0.0,0.0,0.0,6.824754e-09,-4.69244e-10,-6.35551e-09,-1.1552e-17
4w,0.26,-0.26,0.0,0.0,0.0,7.058574e-09,-5.05363e-10,-6.55321e-09,-1.25003e-17
4w,0.27,-0.27,0.0,0.0,0.0,7.299486e-09,-5.4315e-10,-6.75634e-09,-1.34953e-17
4w,0.28,-0.28,0.0,0.0,0.0,7.547714e-09,-5.82648e-10,-6.96507e-09,-1.45387e-17
4w,0.29,-0.29,0.0,0.0,0.0,7.803479e-09,-6.23901e-10,-7.17958e-09,-1.56326e-17
4w,0.3,-0.3,0.0,0.0,0.0,8.067006e-09,-6.66952e-10,-7.40005e-09,-1.67787e-17
4w,0.31,-0.31,0.0,0.0,0.0,8.338524e-09,-7.11847e-10,-7.62668e-09,-1.79792e-17
4w,0.32,-0.32,0.0,0.0,0.0,8.618263e-09,-7.58632e-10,-7.85963e-09,-1.92361e-17
4w,0.33,-0.33,0.0,0.0,0.0,8.906456e-09,-8.07353e-10,-8.0991e-09,-2.05517e-17
4w,0.34,-0.34,0.0,0.0,0.0,9.203344e-09,-8.58058e-10,-8.34529e-09,-2.19281e-17
4w,0.35,-0.35,0.0,0.0,0.0,9.509167e-09,-9.10796e-10,-8.59837e-09,-2.33677e-17
4w,0.36,-0.36,0.0,0.0,0.0,9.824173e-09,-9.65617e-10,-8.85856e-09,-2.48729e-17
4w,0.37,-0.37,0.0,0.0,0.0,1.014862e-08,-1.02257e-09,-9.12604e-09,-2.64462e-17
4w,0.38,-0.38,0.0,0.0,0.0,1.048275e-08,-1.08171e-09,-9.40104e-09,-2.80902e-17
4w,0.39,-0.39,0.0,0.0,0.0,1.082684e-08,-1.14309e-09,-9.68375e-09,-2.98075e-17
4w,0.4,-0.4,0.0,0.0,0.0,1.118115e-08,-1.20675e-09,-9.9744e-09,-3.16009e-17
4w,0.41,-0.41,0.0,0.0,0.0,1.154596e-08,-1.27277e-09,-1.02732e-08,-3.34732e-17
4w,0.42,-0.42,0.0,0.0,0.0,1.192154e-08,-1.34118e-09,-1.05804e-08,-3.54275e-17
4w,0.43,-0.43,0.0,0.0,0.0,1.230819e-08,-1.41205e-09,-1.08961e-08,-3.74666e-17
4w,0.44,-0.44,0.0,0.0,0.0,1.270619e-08,-1.48544e-09,-1.12208e-08,-3.95939e-17
4w,0.45,-0.45,0.0,0.0,0.0,1.311585e-08,-1.5614e-09,-1.15544e-08,-4.18124e-17
4w,0.46,-0.46,0.0,0.0,0.0,1.353746e-08,-1.64e-09,-1.18975e-08,-4.41257e-17
4w,0.47,-0.47,0.0,0.0,0.0,1.397135e-08,-1.7213e-09,-1.22501e-08,-4.65371e-17
4w,0.48,-0.48,0.0,0.0,0.0,1.441783e-08,-1.80535e-09,-1.26125e-08,-4.90502e-17
4w,0.49,-0.49,0.0,0.0,0.0,1.487722e-08,-1.89222e-09,-1.2985e-08,-5.16688e-17
4w,0.5,-0.5,0.0,0.0,0.0,1.534986e-08,-1.98199e-09,-1.33679e-08,-5.43966e-17
4w,0.51,-0.51,0.0,0.0,0.0,1.58361e-08,-2.0747e-09,-1.37614e-08,-5.72375e-17
4w,0.52,-0.52,0.0,0.0,0.0,1.633628e-08,-2.17044e-09,-1.41658e-08,-6.01957e-17
4w,0.53,-0.53,0.0,0.0,0.0,1.685075e-08,-2.26926e-09,-1.45815e-08,-6.32754e-17
4w,0.54,-0.54,0.0,0.0,0.0,1.737989e-08,-2.37125e-09,-1.50086e-08,-6.64807e-17
4w,0.55,-0.55,0.0,0.0,0.0,1.792406e-08,-2.47646e-09,-1.54476e-08,-6.98164e-17
4w,0.56,-0.56,0.0,0.0,0.0,1.848366e-08,-2.58498e-09,-1.58987e-08,-7.32868e-17
4w,0.57,-0.57,0.0,0.0,0.0,1.905906e-08,-2.69687e-09,-1.63622e-08,-7.68969e-17
4w,0.58,-0.58,0.0,0.0,0.0,1.965067e-08,-2.81222e-09,-1.68384e-08,-8.06514e-17
4w,0.59,-0.59,0.0,0.0,0.0,2.025889e-08,-2.93109e-09,-1.73278e-08,-8.45554e-17
4w,0.6,-0.6,0.0,0.0,0.0,2.088415e-08,-3.05357e-09,-1.78306e-08,-8.86143e-17
4w,0.61,-0.61,0.0,0.0,0.0,2.152687e-08,-3.17973e-09,-1.83471e-08,-9.28332e-17
4w,0.62,-0.62,0.0,0.0,0.0,2.218748e-08,-3.30966e-09,-1.88778e-08,-9.72178e-17
4w,0.63,-0.63,0.0,0.0,0.0,2.286644e-08,-3.44344e-09,-1.9423e-08,-1.01774e-16
4w,0.64,-0.64,0.0,0.0,0.0,2.356419e-08,-3.58115e-09,-1.9983e-08,-1.06507e-16
4w,0.65,-0.65,0.0,0.0,0.0,2.428121e-08,-3.72288e-09,-2.05583e-08,-1.11423e-16
4w,0.66,-0.66,0.0,0.0,0.0,2.501798e-08,-3.86872e-09,-2.11493e-08,-1.16529e-16
4w,0.67,-0.67,0.0,0.0,0.0,2.577497e-08,-4.01875e-09,-2.17562e-08,-1.21832e-16
4w,0.68,-0.68,0.0,0.0,0.0,2.65527e-08,-4.17307e-09,-2.23796e-08,-1.27336e-16
4w,0.69,-0.69,0.0,0.0,0.0,2.735167e-08,-4.33176e-09,-2.30199e-08,-1.3305e-16
4w,0.7,-0.7,0.0,0.0,0.0,2.817241e-08,-4.49492e-09,-2.36775e-08,-1.38981e-16
4w,0.71,-0.71,0.0,0.0,0.0,2.901545e-08,-4.66265e-09,-2.43528e-08,-1.45135e-16
4w,0.72,-0.72,0.0,0.0,0.0,2.988133e-08,-4.83504e-09,-2.50463e-08,-1.51521e-16
4w,0.73,-0.73,0.0,0.0,0.0,3.077062e-08,-5.01219e-09,-2.57584e-08,-1.58145e-16
4w,0.74,-0.74,0.0,0.0,0.0,3.16839e-08,-5.19421e-09,-2.64897e-08,-1.65016e-16
4w,0.75,-0.75,0.0,0.0,0.0,3.262175e-08,-5.38119e-09,-2.72406e-08,-1.72142e-16
4w,0.76,-0.76,0.0,0.0,0.0,3.358477e-08,-5.57324e-09,-2.80115e-08,-1.79531e-16
4w,0.77,-0.77,0.0,0.0,0.0,3.457358e-08,-5.77046e-09,-2.88031e-08,-1.87193e-16
4w,0.78,-0.78,0.0,0.0,0.0,3.558881e-08,-5.97297e-09,-2.96158e-08,-1.95134e-16
4w,0.79,-0.79,0.0,0.0,0.0,3.663111e-08,-6.18087e-09,-3.04502e-08,-2.03366e-16
4w,0.8,-0.8,0.0,0.0,0.0,3.770114e-08,-6.39427e-09,-3.13069e-08,-2.11897e-16
4w,0.81,-0.81,0.0,0.0,0.0,3.879959e-08,-6.6133e-09,-3.21863e-08,-2.20737e-16
4w,0.82,-0.82,0.0,0.0,0.0,3.992716e-08,-6.83806e-09,-3.30891e-08,-2.29896e-16
4w,0.83,-0.83,0.0,0.0,0.0,4.108456e-08,-7.06867e-09,-3.40159e-08,-2.39383e-16
4w,0.84,-0.84,0.0,0.0,0.0,4.227253e-08,-7.30526e-09,-3.49673e-08,-2.49211e-16
4w,0.85,-0.85,0.0,0.0,0.0,4.349183e-08,-7.54795e-09,-3.59439e-08,-2.59388e-16
4w,0.86,-0.86,0.0,0.0,0.0,4.474324e-08,-7.79685e-09,-3.69464e-08,-2.69927e-16
4w,0.87,-0.87,0.0,0.0,0.0,4.602755e-08,-8.05211e-09,-3.79754e-08,-2.80839e-16
4w,0.88,-0.88,0.0,0.0,0.0,4.73456e-08,-8.31384e-09,-3.90318e-08,-2.92136e-16
4w,0.89,-0.89,0.0,0.0,0.0,4.869823e-08,-8.58218e-09,-4.0116e-08,-3.03829e-16
4w,0.9,-0.9,0.0,0.0,0.0,5.008631e-08,-8.85726e-09,-4.1229e-08,-3.15931e-16
6w,0.01,-0.01,0.0,0.0,0.0,1.41132e-09,-9.2806e-12,-1.40204e-09,3.508986e-19
6w,0.02,-0.02,0.0,0.0,0.0,2.549252e-09,-1.98595e-11,-2.52939e-09,2.357488e-19
6w,0.03,-0.03,0.0,0.0,0.0,3.433505e-09,-3.17762e-11,-3.40173e-09,6.490736e-20
6w,0.04,-0.04,0.0,0.0,0.0,4.102349e-09,-4.50712e-11,-4.05728e-09,-1.7229e-19
6w,0.05,-0.05,0.0,0.0,0.0,4.60805e-09,-5.97857e-11,-4.54826e-09,-4.80227e-19
6w,0.06,-0.06,0.0,0.0,0.0,5.00392e-09,-7.59616e-11,-4.92796e-09,-8.56589e-19
6w,0.07,-0.07,0.0,0.0,0.0,5.332581e-09,-9.3642e-11,-5.23894e-09,-1.29529e-18
6w,0.08,-0.08,0.0,0.0,0.0,5.622726e-09,-1.12871e-10,-5.50985e-09,-1.78992e-18
6w,0.09,-0.09,0.0,0.0,0.0,5.89195e-09,-1.33692e-10,-5.75826e-09,-2.3356e-18
6w,0.1,-0.1,0.0,0.0,0.0,6.150716e-09,-1.56152e-10,-5.99456e-09,-2.92918e-18
6w,0.11,-0.11,0.0,0.0,0.0,6.405307e-09,-1.80298e-10,-6.22501e-09,-3.56897e-18
6w,0.12,-0.12,0.0,0.0,0.0,6.659619e-09,-2.06176e-10,-6.45344e-09,-4.25433e-18
6w,0.13,-0.13,0.0,0.0,0.0,6.916174e-09,-2.33835e-10,-6.68234e-09,-4.98536e-18
6w,0.14,-0.14,0.0,0.0,0.0,7.176685e-09,-2.63324e-10,-6.91336e-09,-5.76267e-18
6w,0.15,-0.15,0.0,0.0,0.0,7.442376e-09,-2.94695e-10,-7.14768e-09,-6.58722e-18
6w,0.16,-0.16,0.0,0.0,0.0,7.714167e-09,-3.27999e-10,-7.38617e-09,-7.46029e-18
6w,0.17,-0.17,0.0,0.0,0.0,7.992782e-09,-3.63288e-10,-7.62949e-09,-8.38334e-18
6w,0.18,-0.18,0.0,0.0,0.0,8.278818e-09,-4.00616e-10,-7.8782e-09,-9.35802e-18
6w,0.19,-0.19,0.0,0.0,0.0,8.572784e-09,-4.40038e-10,-8.13275e-09,-1.03861e-17
6w,0.2,-0.2,0.0,0.0,0.0,8.875134e-09,-4.8161e-10,-8.39352e-09,-1.14696e-17
6w,0.21,-0.21,0.0,0.0,0.0,9.18628e-09,-5.25388e-10,-8.66089e-09,-1.26105e-17
6w,0.22,-0.22,0.0,0.0,0.0,9.506609e-09,-5.71431e-10,-8.93518e-09,-1.38109e-17
6w,0.23,-0.23,0.0,0.0,0.0,9.836489e-09,-6.19799e-10,-9.21669e-09,-1.50733e-17
6w,0.24,-0.24,0.0,0.0,0.0,1.017628e-08,-6.70551e-10,-9.50572e-09,-1.63998e-17
6w,0.25,-0.25,0.0,0.0,0.0,1.052632e-08,-7.2375e-10,-9.80257e-09,-1.77931e-17
6w,0.26,-0.26,0.0,0.0,0.0,1.088695e-08,-7.79458e-10,-1.01075e-08,-1.92556e-17
6w,0.27,-0.27,0.0,0.0,0.0,1.125853e-08,-8.3774e-10,-1.04208e-08,-2.07902e-17
6w,0.28,-0.28,0.0,0.0,0.0,1.164139e-08,-8.98661e-10,-1.07427e-08,-2.23995e-17
6w,0.29,-0.29,0.0,0.0,0.0,1.203587e-08,-9.62288e-10,-1.10736e-08,-2.40865e-17
6w,0.3,-0.3,0.0,0.0,0.0,1.244233e-08,-1.02869e-09,-1.14136e-08,-2.58543e-17
6w,0.31,-0.31,0.0,0.0,0.0,1.286111e-08,-1.09793e-09,-1.17632e-08,-2.77058e-17
6w,0.32,-0.32,0.0,0.0,0.0,1.329257e-08,-1.17009e-09,-1.21225e-08,-2.96444e-17
6w,0.33,-0.33,0.0,0.0,0.0,1.373708e-08,-1.24524e-09,-1.24918e-08,-3.16734e-17
6w,0.34,-0.34,0.0,0.0,0.0,1.419499e-08,-1.32345e-09,-1.28715e-08,-3.37963e-17
6w,0.35,-0.35,0.0,0.0,0.0,1.466668e-08,-1.40479e-09,-1.32619e-08,-3.60167e-17
6w,0.36,-0.36,0.0,0.0,0.0,1.515254e-08,-1.48934e-09,-1.36632e-08,-3.83382e-17
6w,0.37,-0.37,0.0,0.0,0.0,1.565295e-08,-1.57719e-09,-1.40758e-08,-4.07648e-17
6w,0.38,-0.38,0.0,0.0,0.0,1.616831e-08,-1.6684e-09,-1.44999e-08,-4.33003e-17
6w,0.39,-0.39,0.0,0.0,0.0,1.669902e-08,-1.76306e-09,-1.4936e-08,-4.5949e-17
6w,0.4,-0.4,0.0,0.0,0.0,1.72455e-08,-1.86126e-09,-1.53842e-08,-4.87151e-17
6w,0.41,-0.41,0.0,0.0,0.0,1.780817e-08,-1.96308e-09,-1.58451e-08,-5.16029e-17
6w,0.42,-0.42,0.0,0.0,0.0,1.838747e-08,-2.0686e-09,-1.63189e-08,-5.4617e-17
6w,0.43,-0.43,0.0,0.0,0.0,1.898382e-08,-2.17791e-09,-1.68059e-08,-5.77621e-17
6w,0.44,-0.44,0.0,0.0,0.0,1.959769e-08,-2.2911e-09,-1.73066e-08,-6.1043e-17
6w,0.45,-0.45,0.0,0.0,0.0,2.022953e-08,-2.40827e-09,-1.78213e-08,-6.44648e-17
6w,0.46,-0.46,0.0,0.0,0.0,2.087982e-08,-2.52949e-09,-1.83503e-08,-6.80327e-17
6w,0.47,-0.47,0.0,0.0,0.0,2.154903e-08,-2.65488e-09,-1.88942e-08,-7.17519e-17
6w,0.48,-0.48,0.0,0.0,0.0,2.223766e-08,-2.78452e-09,-1.94531e-08,-7.5628e-17
6w,0.49,-0.49,0.0,0.0,0.0,2.294622e-08,-2.91852e-09,-2.00277e-08,-7.96667e-17
6w,0.5,-0.5,0.0,0.0,0.0,2.367521e-08,-3.05696e-09,-2.06182e-08,-8.3874e-17
6w,0.51,-0.51,0.0,0.0,0.0,2.442517e-08,-3.19997e-09,-2.12252e-08,-8.82557e-17
6w,0.52,-0.52,0.0,0.0,0.0,2.519663e-08,-3.34763e-09,-2.1849e-08,-9.28183e-17
6w,0.53,-0.53,0.0,0.0,0.0,2.599014e-08,-3.50005e-09,-2.24901e-08,-9.75682e-17
6w,0.54,-0.54,0.0,0.0,0.0,2.680627e-08,-3.65735e-09,-2.31489e-08,-1.02512e-16
6w,0.55,-0.55,0.0,0.0,0.0,2.764559e-08,-3.81963e-09,-2.3826e-08,-1.07657e-16
6w,0.56,-0.56,0.0,0.0,0.0,2.850869e-08,-3.987e-09,-2.45217e-08,-1.13009e-16
6w,0.57,-0.57,0.0,0.0,0.0,2.939617e-08,-4.15958e-09,-2.52366e-08,-1.18577e-16
6w,0.58,-0.58,0.0,0.0,0.0,3.030865e-08,-4.33749e-09,-2.59712e-08,-1.24368e-16
6w,0.59,-0.59,0.0,0.0,0.0,3.124676e-08,-4.52083e-09,-2.67259e-08,-1.3039e-16
6w,0.6,-0.6,0.0,0.0,0.0,3.221114e-08,-4.70974e-09,-2.75014e-08,-1.3665e-16
6w,0.61,-0.61,0.0,0.0,0.0,3.320245e-08,-4.90433e-09,-2.82981e-08,-1.43157e-16
6w,0.62,-0.62,0.0,0.0,0.0,3.422137e-08,-5.10473e-09,-2.91166e-08,-1.4992e-16
6w,0.63,-0.63,0.0,0.0,0.0,3.526857e-08,-5.31107e-09,-2.99575e-08,-1.56947e-16
6w,0.64,-0.64,0.0,0.0,0.0,3.634477e-08,-5.52347e-09,-3.08213e-08,-1.64247e-16
6w,0.65,-0.65,0.0,0.0,0.0,3.745069e-08,-5.74208e-09,-3.17086e-08,-1.7183e-16
6w,0.66,-0.66,0.0,0.0,0.0,3.858705e-08,-5.96701e-09,-3.262e-08,-1.79705e-16
6w,0.67,-0.67,0.0,0.0,0.0,3.975462e-08,-6.19841e-09,-3.35562e-08,-1.87883e-16
6w,0.68,-0.68,0.0,0.0,0.0,4.095417e-08,-6.43643e-09,-3.45177e-08,-1.96373e-16
6w,0.69,-0.69,0.0,0.0,0.0,4.218648e-08,-6.68119e-09,-3.55053e-08,-2.05186e-16
6w,0.7,-0.7,0.0,0.0,0.0,4.345236e-08,-6.93285e-09,-3.65195e-08,-2.14333e-16
6w,0.71,-0.71,0.0,0.0,0.0,4.475264e-08,-7.19155e-09,-3.75611e-08,-2.23826e-16
6w,0.72,-0.72,0.0,0.0,0.0,4.608816e-08,-7.45744e-09,-3.86307e-08,-2.33674e-16
6w,0.73,-0.73,0.0,0.0,0.0,4.745978e-08,-7.73067e-09,-3.97291e-08,-2.43892e-16
6w,0.74,-0.74,0.0,0.0,0.0,4.886839e-08,-8.01141e-09,-4.0857e-08,-2.54489e-16
6w,0.75,-0.75,0.0,0.0,0.0,5.03149e-08,-8.2998e-09,-4.20151e-08,-2.6548e-16
6w,0.76,-0.76,0.0,0.0,0.0,5.180024e-08,-8.59601e-09,-4.32042e-08,-2.76877e-16
6w,0.77,-0.77,0.0,0.0,0.0,5.332535e-08,-8.9002e-09,-4.44251e-08,-2.88693e-16
6w,0.78,-0.78,0.0,0.0,0.0,5.489121e-08,-9.21254e-09,-4.56787e-08,-3.00943e-16
6w,0.79,-0.79,0.0,0.0,0.0,5.649883e-08,-9.5332e-09,-4.69656e-08,-3.13639e-16
6w,0.8,-0.8,0.0,0.0,0.0,5.814922e-08,-9.86235e-09,-4.82869e-08,-3.26797e-16
6w,0.81,-0.81,0.0,0.0,0.0,5.984344e-08,-1.02002e-08,-4.96433e-08,-3.40431e-16
6w,0.82,-0.82,0.0,0.0,0.0,6.158257e-08,-1.05468e-08,-5.10357e-08,-3.54557e-16
6w,0.83,-0.83,0.0,0.0,0.0,6.336771e-08,-1.09025e-08,-5.24652e-08,-3.69191e-16
6w,0.84,-0.84,0.0,0.0,0.0,6.520001e-08,-1.12674e-08,-5.39326e-08,-3.84348e-16
6w,0.85,-0.85,0.0,0.0,0.0,6.708062e-08,-1.16417e-08,-5.54389e-08,-4.00046e-16
6w,0.86,-0.86,0.0,0.0,0.0,6.901076e-08,-1.20257e-08,-5.69851e-08,-4.16301e-16
6w,0.87,-0.87,0.0,0.0,0.0,7.099166e-08,-1.24194e-08,-5.85723e-08,-4.33131e-16
6w,0.88,-0.88,0.0,0.0,0.0,7.302458e-08,-1.2823e-08,-6.02015e-08,-4.50554e-16
6w,0.89,-0.89,0.0,0.0,0.0,7.511083e-08,-1.32369e-08,-6.18739e-08,-4.68589e-16
6w,0.9,-0.9,0.0,0.0,0.0,7.725177e-08,-1.36612e-08,-6.35906e-08,-4.87255e-16
8w,0.01,-0.01,0.0,0.0,0.0,1.907609e-09,-1.25441e-11,-1.89506e-09,4.791623e-19
8w,0.02,-0.02,0.0,0.0,0.0,3.445692e-09,-2.6843e-11,-3.41885e-09,3.268319e-19
8w,0.03,-0.03,0.0,0.0,0.0,4.640892e-09,-4.29503e-11,-4.59794e-09,9.816954e-20
8w,0.04,-0.04,0.0,0.0,0.0,5.544933e-09,-6.09204e-11,-5.48401e-09,-2.20898e-19
8w,0.05,-0.05,0.0,0.0,0.0,6.228463e-09,-8.08092e-11,-6.14765e-09,-6.36067e-19
8w,0.06,-0.06,0.0,0.0,0.0,6.763541e-09,-1.02673e-10,-6.66087e-09,-1.14405e-18
8w,0.07,-0.07,0.0,0.0,0.0,7.207774e-09,-1.26571e-10,-7.0812e-09,-1.73651e-18
8w,0.08,-0.08,0.0,0.0,0.0,7.599948e-09,-1.52561e-10,-7.44739e-09,-2.40474e-18
8w,0.09,-0.09,0.0,0.0,0.0,7.963844e-09,-1.80705e-10,-7.78314e-09,-3.14205e-18
8w,0.1,-0.1,0.0,0.0,0.0,8.313605e-09,-2.11063e-10,-8.10254e-09,-3.94418e-18
8w,0.11,-0.11,0.0,0.0,0.0,8.657723e-09,-2.43699e-10,-8.41402e-09,-4.80882e-18
8w,0.12,-0.12,0.0,0.0,0.0,9.001463e-09,-2.78677e-10,-8.72279e-09,-5.73508e-18
8w,0.13,-0.13,0.0,0.0,0.0,9.348235e-09,-3.16062e-10,-9.03217e-09,-6.7231e-18
8w,0.14,-0.14,0.0,0.0,0.0,9.700354e-09,-3.55922e-10,-9.34443e-09,-7.77368e-18
8w,0.15,-0.15,0.0,0.0,0.0,1.005948e-08,-3.98325e-10,-9.66115e-09,-8.88813e-18
8w,0.16,-0.16,0.0,0.0,0.0,1.042684e-08,-4.4334e-10,-9.9835e-09,-1.00682e-17
8w,0.17,-0.17,0.0,0.0,0.0,1.080343e-08,-4.91038e-10,-1.03124e-08,-1.13158e-17
8w,0.18,-0.18,0.0,0.0,0.0,1.119005e-08,-5.41492e-10,-1.06486e-08,-1.26331e-17
8w,0.19,-0.19,0.0,0.0,0.0,1.158739e-08,-5.94777e-10,-1.09926e-08,-1.40227e-17
8w,0.2,-0.2,0.0,0.0,0.0,1.199606e-08,-6.50967e-10,-1.13451e-08,-1.54872e-17
8w,0.21,-0.21,0.0,0.0,0.0,1.241662e-08,-7.1014e-10,-1.17065e-08,-1.70292e-17
8w,0.22,-0.22,0.0,0.0,0.0,1.284959e-08,-7.72374e-10,-1.20772e-08,-1.86518e-17
8w,0.23,-0.23,0.0,0.0,0.0,1.329547e-08,-8.3775e-10,-1.24577e-08,-2.03579e-17
8w,0.24,-0.24,0.0,0.0,0.0,1.375475e-08,-9.06349e-10,-1.28484e-08,-2.21509e-17
8w,0.25,-0.25,0.0,0.0,0.0,1.422788e-08,-9.78255e-10,-1.32496e-08,-2.40341e-17
8w,0.26,-0.26,0.0,0.0,0.0,1.471533e-08,-1.05355e-09,-1.36618e-08,-2.60109e-17
8w,0.27,-0.27,0.0,0.0,0.0,1.521757e-08,-1.13233e-09,-1.40852e-08,-2.80851e-17
8w,0.28,-0.28,0.0,0.0,0.0,1.573506e-08,-1.21467e-09,-1.45204e-08,-3.02603e-17
8w,0.29,-0.29,0.0,0.0,0.0,1.626827e-08,-1.30067e-09,-1.49676e-08,-3.25405e-17
8w,0.3,-0.3,0.0,0.0,0.0,1.681766e-08,-1.39043e-09,-1.54272e-08,-3.49298e-17
8w,0.31,-0.31,0.0,0.0,0.0,1.73837e-08,-1.48402e-09,-1.58997e-08,-3.74325e-17
8w,0.32,-0.32,0.0,0.0,0.0,1.796689e-08,-1.58155e-09,-1.63853e-08,-4.00527e-17
8w,0.33,-0.33,0.0,0.0,0.0,1.85677e-08,-1.68313e-09,-1.68846e-08,-4.27952e-17
8w,0.34,-0.34,0.0,0.0,0.0,1.918663e-08,-1.78883e-09,-1.73978e-08,-4.56646e-17
8w,0.35,-0.35,0.0,0.0,0.0,1.98242e-08,-1.89878e-09,-1.79254e-08,-4.86657e-17
8w,0.36,-0.36,0.0,0.0,0.0,2.04809e-08,-2.01307e-09,-1.84678e-08,-5.18035e-17
8w,0.37,-0.37,0.0,0.0,0.0,2.115728e-08,-2.1318e-09,-1.90255e-08,-5.50834e-17
8w,0.38,-0.38,0.0,0.0,0.0,2.185387e-08,-2.25509e-09,-1.95988e-08,-5.85105e-17
8w,0.39,-0.39,0.0,0.0,0.0,2.257121e-08,-2.38304e-09,-2.01882e-08,-6.20906e-17
8w,0.4,-0.4,0.0,0.0,0.0,2.330986e-08,-2.51577e-09,-2.07941e-08,-6.58292e-17
8w,0.41,-0.41,0.0,0.0,0.0,2.407039e-08,-2.65339e-09,-2.1417e-08,-6.97325e-17
8w,0.42,-0.42,0.0,0.0,0.0,2.485339e-08,-2.79602e-09,-2.20574e-08,-7.38065e-17
8w,0.43,-0.43,0.0,0.0,0.0,2.565945e-08,-2.94377e-09,-2.27157e-08,-7.80575e-17
8w,0.44,-0.44,0.0,0.0,0.0,2.648918e-08,-3.09676e-09,-2.33924e-08,-8.24922e-17
8w,0.45,-0.45,0.0,0.0,0.0,2.734321e-08,-3.25513e-09,-2.40881e-08,-8.71172e-17
8w,0.46,-0.46,0.0,0.0,0.0,2.822217e-08,-3.41899e-09,-2.48032e-08,-9.19397e-17
8w,0.47,-0.47,0.0,0.0,0.0,2.912671e-08,-3.58846e-09,-2.55382e-08,-9.69667e-17
8w,0.48,-0.48,0.0,0.0,0.0,3.00575e-08,-3.76369e-09,-2.62938e-08,-1.02206e-16
8w,0.49,-0.49,0.0,0.0,0.0,3.101522e-08,-3.94481e-09,-2.70704e-08,-1.07665e-16
8w,0.5,-0.5,0.0,0.0,0.0,3.200056e-08,-4.13194e-09,-2.78686e-08,-1.13351e-16
8w,0.51,-0.51,0.0,0.0,0.0,3.301424e-08,-4.32523e-09,-2.8689e-08,-1.19274e-16
8w,0.52,-0.52,0.0,0.0,0.0,3.405698e-08,-4.52481e-09,-2.95322e-08,-1.25441e-16
8w,0.53,-0.53,0.0,0.0,0.0,3.512953e-08,-4.73084e-09,-3.03987e-08,-1.31861e-16
8w,0.54,-0.54,0.0,0.0,0.0,3.623265e-08,-4.94345e-09,-3.12892e-08,-1.38543e-16
8w,0.55,-0.55,0.0,0.0,0.0,3.736712e-08,-5.16279e-09,-3.22043e-08,-1.45497e-16
8w,0.56,-0.56,0.0,0.0,0.0,3.853372e-08,-5.38902e-09,-3.31447e-08,-1.52732e-16
8w,0.57,-0.57,0.0,0.0,0.0,3.973329e-08,-5.62229e-09,-3.4111e-08,-1.60258e-16
8w,0.58,-0.58,0.0,0.0,0.0,4.096664e-08,-5.86275e-09,-3.51039e-08,-1.68085e-16
8w,0.59,-0.59,0.0,0.0,0.0,4.223464e-08,-6.11057e-09,-3.61241e-08,-1.76224e-16
8w,0.6,-0.6,0.0,0.0,0.0,4.353814e-08,-6.36591e-09,-3.71722e-08,-1.84686e-16
8w,0.61,-0.61,0.0,0.0,0.0,4.487804e-08,-6.62893e-09,-3.82491e-08,-1.93481e-16
8w,0.62,-0.62,0.0,0.0,0.0,4.625526e-08,-6.8998e-09,-3.93555e-08,-2.02621e-16
8w,0.63,-0.63,0.0,0.0,0.0,4.767071e-08,-7.1787e-09,-4.0492e-08,-2.12119e-16
8w,0.64,-0.64,0.0,0.0,0.0,4.912535e-08,-7.46579e-09,-4.16596e-08,-2.21987e-16
8w,0.65,-0.65,0.0,0.0,0.0,5.062016e-08,-7.76127e-09,-4.28589e-08,-2.32236e-16
8w,0.66,-0.66,0.0,0.0,0.0,5.215613e-08,-8.0653e-09,-4.40908e-08,-2.42881e-16
8w,0.67,-0.67,0.0,0.0,0.0,5.373427e-08,-8.37808e-09,-4.53562e-08,-2.53934e-16
8w,0.68,-0.68,0.0,0.0,0.0,5.535564e-08,-8.69979e-09,-4.66559e-08,-2.6541e-16
8w,0.69,-0.69,0.0,0.0,0.0,5.702129e-08,-9.03062e-09,-4.79907e-08,-2.77322e-16
8w,0.7,-0.7,0.0,0.0,0.0,5.873232e-08,-9.37077e-09,-4.93615e-08,-2.89686e-16
8w,0.71,-0.71,0.0,0.0,0.0,6.048983e-08,-9.72044e-09,-5.07694e-08,-3.02516e-16
8w,0.72,-0.72,0.0,0.0,0.0,6.229498e-08,-1.00798e-08,-5.22152e-08,-3.15828e-16
8w,0.73,-0.73,0.0,0.0,0.0,6.414893e-08,-1.04491e-08,-5.36998e-08,-3.29638e-16
8w,0.74,-0.74,0.0,0.0,0.0,6.605288e-08,-1.08286e-08,-5.52243e-08,-3.43963e-16
8w,0.75,-0.75,0.0,0.0,0.0,6.800806e-08,-1.12184e-08,-5.67896e-08,-3.58818e-16
8w,0.76,-0.76,0.0,0.0,0.0,7.001571e-08,-1.16188e-08,-5.83969e-08,-3.74223e-16
8w,0.77,-0.77,0.0,0.0,0.0,7.207712e-08,-1.20299e-08,-6.00472e-08,-3.90194e-16
8w,0.78,-0.78,0.0,0.0,0.0,7.419362e-08,-1.24521e-08,-6.17415e-08,-4.06751e-16
8w,0.79,-0.79,0.0,0.0,0.0,7.636655e-08,-1.28855e-08,-6.3481e-08,-4.23912e-16
8w,0.8,-0.8,0.0,0.0,0.0,7.859731e-08,-1.33304e-08,-6.52669e-08,-4.41697e-16
8w,0.81,-0.81,0.0,0.0,0.0,8.08873e-08,-1.3787e-08,-6.71003e-08,-4.60126e-16
8w,0.82,-0.82,0.0,0.0,0.0,8.323799e-08,-1.42556e-08,-6.89824e-08,-4.79219e-16
8w,0.83,-0.83,0.0,0.0,0.0,8.565087e-08,-1.47364e-08,-7.09145e-08,-4.98999e-16
8w,0.84,-0.84,0.0,0.0,0.0,8.812749e-08,-1.52296e-08,-7.28979e-08,-5.19486e-16
8w,0.85,-0.85,0.0,0.0,0.0,9.066942e-08,-1.57356e-08,-7.49339e-08,-5.40704e-16
8w,0.86,-0.86,0.0,0.0,0.0,9.327829e-08,-1.62545e-08,-7.70238e-08,-5.62675e-16
8w,0.87,-0.87,0.0,0.0,0.0,9.595576e-08,-1.67866e-08,-7.91692e-08,-5.85423e-16
8w,0.88,-0.88,0.0,0.0,0.0,9.870355e-08,-1.73322e-08,-8.13713e-08,-6.08973e-16
8w,0.89,-0.89,0.0,0.0,0.0,1.015234e-07,-1.78917e-08,-8.36318e-08,-6.3335e-16
8w,0.9,-0.9,0.0,0.0,0.0,1.044172e-07,-1.84651e-08,-8.59521e-08,-6.5858e-16
